Title,Description,URL,Create Date,Score,Source Site
供济柴6190远传显示器,['供应济南柴油机厂6190远传显示器，济柴YD908监控仪仪表故障维修。济柴G6190ZLC屏幕显示器，济柴售后B6190柴油机维修，济柴190监']
6DE-18柴油机-安庆中船,['型号：6DE-18发电机组概述安庆-大发6DE-18系列柴油机功率范围是400kW～850kW，6DE-18柴油机有很高的可靠性和耐久性，高效率、低N']
供驰动6190进排气门，济柴190进排气阀座圈,['济柴190系列进气门，济南柴油机6190排气阀，驰动6190zlc进气阀座圈，济柴190汽缸盖配件维修，济柴190进排气门铰刀工具。']
KYDH203分油机-船用分油机,['\u3000\u3000舟山市定海祥海分油机配件厂供应KYDH203分油机（船用分油机）']
10. 青岛海西船舶柴油机有限公司,7UEC50LSE(21bar)
阿法拉法204分油机-船用分油机,['\u3000\u3000舟山市定海祥海分油机配件厂供应阿法拉法204分油机（船用分油机）\u3000\u3000阿法拉法204分油机\u3000\u3000产品名称： 阿法拉法204\u3000\u3000产品']
阿法拉法205型分油机-船用分油机,['\u3000\u3000舟山市定海祥海分油机配件厂供应阿法拉法205型分油机（船用分油机）\u3000\u3000阿法拉法205型分油机\u3000\u3000产品编号： 1261619016\u3000\u3000']
SJ10T分油机-船用分油机,['\u3000\u3000舟山市定海祥海分油机配件厂供应日本三菱SJ10T分油机（船用分油机）']
日本三菱SJ15T分油机-船用分油机,['\u3000\u3000舟山市定海祥海分油机配件厂供应日本三菱SJ15T分油机（船用分油机）']
34. 大发柴油机（上海）有限公司,DAIHATSU
